metric,scope_type,scope_value,n,mean,variance,std_dev,coef_variation,std_error,ci95_half_width,reliability
precision,global,global,30,0.42099,0.09887654506896552,0.3144464104882826,0.746921329457428,0.05740979738365381,0.11252320287196146,moderata
recall,global,global,30,0.19048000000000004,0.020736533379310352,0.1440018519995849,0.7559946031057585,0.026291020887564354,0.05153040093962613,moderata
