metric,scope_type,scope_value,n,mean,variance,std_dev,coef_variation,std_error,ci95_half_width,reliability
precision,global,global,42,0.07860476190476191,0.013992079488966318,0.1182881206586964,1.5048467521855118,0.018252253278356983,0.035774416425579686,moderata
recall,global,global,42,0.03134761904761904,0.0031393937746806034,0.05603029336600517,1.787385934507229,0.008645661965733372,0.01694549745283741,moderata
