metric,scope_type,scope_value,n,mean,variance,std_dev,coef_variation,std_error,ci95_half_width,reliability
precision,global,global,30,0.07235666666666667,0.01805516185057471,0.13436949747087212,1.8570437757986658,0.02453240160181001,0.04808350713954762,moderata
recall,global,global,30,0.03524666666666666,0.004319056367816093,0.06571952805533597,1.8645600923586905,0.011998689328167044,0.023517431083207405,moderata
