case,mean
BookInfo,92.68181818181819
JetRacer,81.95238095238095
Open Energy Monitor,52.82857142857143
Stack4Things,140.0
WordPress,26.055555555555557
eWeLink,22.782608695652176
