case,mean
BookInfo,33.083333333333336
JetRacer,24.76595744680851
Open Energy Monitor,12.944444444444445
Stack4Things,19.8
WordPress,19.176470588235293
eWeLink,13.766666666666667
