version,mean
v1,20.833333333333332
v2,20.513513513513512
v3,19.0
