,sum_sq,df,F,PR(>F)
C(case),8495.988345116373,5.0,17.898127606667693,1.9139842771855798e-14
C(mode),3616.983347326326,1.0,38.09870427779636,4.189221600285905e-09
C(version),39.85392445645642,2.0,0.209896305342207,0.8108621362389059
C(RAG),1302.3422585753415,1.0,13.71793779880591,0.0002807029159264015
Residual,17468.440161517698,184.0,,
