version,mean
v1,68.83333333333333
v2,59.67567567567568
v3,59.45454545454545
