RAG,mean
0,46.84426229508197
1,76.40277777777777
