RAG,mean
0,17.311475409836067
1,23.73611111111111
