mode,mean
notsummarized,56.29032258064516
summarized,59.21782178217822
