effect,eta_sq,eta_sq_pct,omega_sq,omega_sq_pct
C(case),0.27474117298838785,27.474117298838785,0.25859699145771115,25.859699145771113
C(mode),0.11696511425832101,11.696511425832101,0.11354646546084776,11.354646546084776
C(version),0.001288786366997712,0.1288786366997712,-0.004836475215100329,-0.4836475215100329
C(RAG),0.04211482233953495,4.211482233953495,0.03892526472601384,3.892526472601384
