version,mean
v1,63.074074074074076
v2,56.11764705882353
v3,55.59550561797753
