,sum_sq,df,F,PR(>F)
C(case),126890.79183621249,5.0,211.96607863538102,7.736651365870829e-60
C(version),54.99316407907428,2.0,0.22965979589440252,0.7951333119267171
C(case):C(version),812.1269203974036,10.0,0.6783130445472525,0.7428960975749295
Residual,15205.386321195145,127.0,,
