mode,mean
notsummarized,15.67741935483871
summarized,23.396039603960396
