effect,eta_sq,eta_sq_pct,omega_sq,omega_sq_pct
C(case),0.8875759960540498,88.75759960540498,0.8826494545218875,88.26494545218875
C(version),0.0003846663077542434,0.03846663077542434,-0.0012891937231771678,-0.12891937231771677
C(case):C(version),0.005680667208889798,0.5680667208889798,-0.002691776968068035,-0.2691776968068035
