,sum_sq,df,F,PR(>F)
C(case),117798.42903825278,5.0,224.52539968810962,2.572743473244229e-76
C(mode),1188.3399471579535,1.0,11.32496009409193,0.00093077810095553
C(version),12.943532464153886,2.0,0.061676370041964995,0.9402065390104761
C(RAG),42.79739571475091,1.0,0.40786207663874136,0.5238507612004186
Residual,19307.31309076598,184.0,,
