effect,eta_sq,eta_sq_pct,omega_sq,omega_sq_pct
C(case),0.8514534133848816,85.14534133848815,0.8470187578079388,84.70187578079388
C(mode),0.008589385380858358,0.8589385380858359,0.00782500323052056,0.782500323052056
C(version),9.355655239072039e-05,0.009355655239072039,-0.0014222593344252838,-0.14222593344252837
C(RAG),0.0003093418898946011,0.03093418898946011,-0.00044876504325347654,-0.044876504325347656
