version,mean
v1,20.574074074074073
v2,19.666666666666668
v3,19.179775280898877
