case,mean
BookInfo,93.58333333333333
JetRacer,81.31914893617021
Open Energy Monitor,51.72222222222222
Stack4Things,140.0
WordPress,28.676470588235293
eWeLink,22.666666666666668
