case,mean
BookInfo,31.727272727272727
JetRacer,24.80952380952381
Open Energy Monitor,13.0
Stack4Things,19.8
WordPress,15.333333333333334
eWeLink,13.826086956521738
